[
{
    "pk": 201,
    "model": "questionnaire.questionnairerequest",
    "fields": {
        "patient": "4",
        "finished_on": "2014-01-08",
        "handled_on": null,
        "last_filled_in_step": "5",
        "appointment_added_by": null,
        "last_filled_in_form_step": "18",
        "appointment_added_on": null,
        "saved_finish_later": true,
        "urgent": false,
        "created_on": "2014-01-08",
        "read_on": null,
        "deadline_nr": 1,
        "patient_diagnose": "rheumatoid_arthritis",
        "practitioner": "2",
        "appointment_needed": true,
        "deadline": "2014-05-15",
        "handled_by": null
    }
},
{
    "pk": 203,
    "model": "questionnaire.questionnairerequest",
    "fields": {
        "patient": "4",
        "finished_on": "2014-01-15",
        "handled_on": null,
        "last_filled_in_step": "4",
        "appointment_added_by": null,
        "last_filled_in_form_step": "14",
        "appointment_added_on": null,
        "saved_finish_later": true,
        "urgent": true,
        "created_on": "2014-01-15",
        "read_on": null,
        "deadline_nr": null,
        "patient_diagnose": "chron",
        "practitioner": "2",
        "appointment_needed": true,
        "deadline": null,
        "handled_by": null
    }
},
{
    "pk": 946,
    "model": "questionnaire.requeststep",
    "fields": {
        "questionnairerequest": 201,
        "model": "StartQuestionnaire",
        "step_nr": 1
    }
},
{
    "pk": 947,
    "model": "questionnaire.requeststep",
    "fields": {
        "questionnairerequest": 201,
        "model": "RADAIQuestionnaire",
        "step_nr": 2
    }
},
{
    "pk": 948,
    "model": "questionnaire.requeststep",
    "fields": {
        "questionnairerequest": 201,
        "model": "RheumatismSF36",
        "step_nr": 3
    }
},
{
    "pk": 949,
    "model": "questionnaire.requeststep",
    "fields": {
        "questionnairerequest": 201,
        "model": "QOHCQuestionnaire",
        "step_nr": 4
    }
},
{
    "pk": 950,
    "model": "questionnaire.requeststep",
    "fields": {
        "questionnairerequest": 201,
        "model": "FinishQuestionnaire",
        "step_nr": 5
    }
},
{
    "pk": 955,
    "model": "questionnaire.requeststep",
    "fields": {
        "questionnairerequest": 203,
        "model": "StartUrgentQuestionnaire",
        "step_nr": 1
    }
},
{
    "pk": 956,
    "model": "questionnaire.requeststep",
    "fields": {
        "questionnairerequest": 203,
        "model": "UrgentProblemQuestionnaire",
        "step_nr": 2
    }
},
{
    "pk": 957,
    "model": "questionnaire.requeststep",
    "fields": {
        "questionnairerequest": 203,
        "model": "IBDQuestionnaire",
        "step_nr": 3
    }
},
{
    "pk": 958,
    "model": "questionnaire.requeststep",
    "fields": {
        "questionnairerequest": 203,
        "model": "QOLChronCUQuestionnaire",
        "step_nr": 4
    }
},
{
    "pk": 107,
    "model": "questionnaire.wizarddatabasestorage",
    "fields": {
        "data": "{\"step_files\":{},\"unclean_data\":{},\"step\":null,\"extra_data\":{},\"step_data\":{}}",
        "created_on": "2014-05-08",
        "questionnaire_request": 201
    }
},
{
    "pk": 109,
    "model": "questionnaire.wizarddatabasestorage",
    "fields": {
        "data": "{\"step_files\":{},\"unclean_data\":{},\"step\":null,\"extra_data\":{},\"step_data\":{}}",
        "created_on": "2014-05-15",
        "questionnaire_request": 203
    }
},
{
    "pk": 80,
    "model": "default.startquestionnaire",
    "fields": {
        "request_step": 946,
        "problem_severity": 6,
        "hospital_visit": "yes_urgent_care",
        "problems": "Ik heb last van mijn maag",
        "current_status": "bad"
    }
},
{
    "pk": 7,
    "model": "default.starturgentquestionnaire",
    "fields": {
        "request_step": 955,
        "appointment_period": "within_3_days"
    }
},
{
    "pk": 7,
    "model": "default.urgentproblemquestionnaire",
    "fields": {
        "request_step": 956,
        "problems": "Niet echt heel erg.",
        "problem_severity": 4
    }
},
{
    "pk": 71,
    "model": "qohc.qohcquestionnaire",
    "fields": {
        "hc_satisfaction_score": 7,
        "request_step": 949,
        "information_score": "not_at_all",
        "not_fill_in": "yes",
        "serious_score": "largely",
        "rc_satisfation_score": 8,
        "friendly_score": "yes_very"
    }
},
{
    "pk": 39,
    "model": "rheumatism.radaiquestionnaire",
    "fields": {
        "left_hip_pain_score": "mild",
        "right_shoulder_pain_score": "mild",
        "right_ankle_pain_score": "moderate",
        "left_knee_pain_score": "none",
        "activity_today_score": "almost_unnoticeable",
        "stiffness_today_score": "less_30min",
        "right_vingers_pain_score": "mild",
        "left_wrist_pain_score": "none",
        "pain_today_score": "almost_unnoticeable",
        "right_elbow_pain_score": "mild",
        "right_toes_pain_score": "mild",
        "left_elbow_pain_score": "mild",
        "right_wrist_pain_score": "mild",
        "left_ankle_pain_score": "mild",
        "left_vingers_pain_score": "mild",
        "left_toes_pain_score": "none",
        "request_step": 947,
        "right_knee_pain_score": "mild",
        "activity_six_month_score": "almost_unnoticeable",
        "right_hip_pain_score": "moderate",
        "left_shoulder_pain_score": "none"
    }
},
{
    "pk": 39,
    "model": "rheumatism.rheumatismsf36",
    "fields": {
        "calm_score": "often",
        "burnout_score": "often",
        "health_general": "good",
        "walk_km_impact": "a_bit",
        "happiness_score": "often",
        "pain_impact": "none",
        "carrying_impact": "a_bit",
        "health_drop_score": "partly_correct",
        "health_changes": "much_better",
        "depressed_score": "frequently",
        "social_impact": "nothing",
        "accurate_emotional_problem": "yes",
        "walking_stairs_impact": "severe",
        "excellent_health_score": "partly_correct",
        "wash_cloth_impact": "severe",
        "achieve_emotional_problem": "no",
        "work_effort_problem": "yes",
        "cheerful_score": "frequently",
        "high_effort_impact": "a_bit",
        "energetic_score": "often",
        "social_visit_impact": "often",
        "pain_score": "really_light",
        "achieve_problem": "yes",
        "blues_score": "non_stop",
        "poor_effort_impact": "a_bit",
        "walking_one_stair_impact": "a_bit",
        "easier_ill_score": "partly_correct",
        "nervious_score": "often",
        "even_healthy_score": "partly_correct",
        "work_less_problem": "no",
        "request_step": 948,
        "tired_score": "often",
        "walk_tenthkm_impact": "a_bit",
        "work_limitation_problem": "no",
        "work_less_emotional_problem": "yes",
        "bent_over_impact": "a_bit",
        "walk_halfkm_impact": "severe"
    }
},
{
    "pk": 71,
    "model": "default.finishquestionnaire",
    "fields": {
        "appointment": "yes_nurse",
        "blood_sample": "martini_ziekenhuis",
        "appointment_preference": "None",
        "appointment_period": "within_2_weeks",
        "request_step": 950,
        "blood_sample_date": "2013-01-14"
    }
},
{
    "pk": 1,
    "model": "qol.qolpracticalproblem",
    "fields": {
        "name": "Zorg voor kinderen"
    }
},
{
    "pk": 2,
    "model": "qol.qolpracticalproblem",
    "fields": {
        "name": "Wonen/huisvesting"
    }
},
{
    "pk": 3,
    "model": "qol.qolpracticalproblem",
    "fields": {
        "name": "Huishouden"
    }
},
{
    "pk": 4,
    "model": "qol.qolpracticalproblem",
    "fields": {
        "name": "Vervoer"
    }
},
{
    "pk": 5,
    "model": "qol.qolpracticalproblem",
    "fields": {
        "name": "Werk/school/studie"
    }
},
{
    "pk": 6,
    "model": "qol.qolpracticalproblem",
    "fields": {
        "name": "Financien"
    }
},
{
    "pk": 7,
    "model": "qol.qolpracticalproblem",
    "fields": {
        "name": "Verzekering"
    }
},
{
    "pk": 1,
    "model": "qol.qolsocialproblem",
    "fields": {
        "name": "Omgang met partner"
    }
},
{
    "pk": 2,
    "model": "qol.qolsocialproblem",
    "fields": {
        "name": "Omgang met kinderen"
    }
},
{
    "pk": 3,
    "model": "qol.qolsocialproblem",
    "fields": {
        "name": "Omgang met familie/vrienden"
    }
},
{
    "pk": 1,
    "model": "qol.qolemotionalproblem",
    "fields": {
        "name": "Greep hebben op emoties"
    }
},
{
    "pk": 2,
    "model": "qol.qolemotionalproblem",
    "fields": {
        "name": "Herinneren van dingen"
    }
},
{
    "pk": 3,
    "model": "qol.qolemotionalproblem",
    "fields": {
        "name": "Zelfvertrouwen"
    }
},
{
    "pk": 4,
    "model": "qol.qolemotionalproblem",
    "fields": {
        "name": "Angsten"
    }
},
{
    "pk": 5,
    "model": "qol.qolemotionalproblem",
    "fields": {
        "name": "Neerslachtigheid/somberheid"
    }
},
{
    "pk": 6,
    "model": "qol.qolemotionalproblem",
    "fields": {
        "name": "Spanning"
    }
},
{
    "pk": 7,
    "model": "qol.qolemotionalproblem",
    "fields": {
        "name": "Eenzaamheid"
    }
},
{
    "pk": 8,
    "model": "qol.qolemotionalproblem",
    "fields": {
        "name": "Concentratie"
    }
},
{
    "pk": 9,
    "model": "qol.qolemotionalproblem",
    "fields": {
        "name": "Schuldgevoel"
    }
},
{
    "pk": 10,
    "model": "qol.qolemotionalproblem",
    "fields": {
        "name": "Controleverlies"
    }
},
{
    "pk": 1,
    "model": "qol.qolspiritualproblem",
    "fields": {
        "name": "Zin van het leven/levensbeschouwing"
    }
},
{
    "pk": 2,
    "model": "qol.qolspiritualproblem",
    "fields": {
        "name": "Vertrouwen in God/geloof"
    }
},
{
    "pk": 1,
    "model": "qol.qolfysicalproblem",
    "fields": {
        "name": "Uiterlijk"
    }
},
{
    "pk": 2,
    "model": "qol.qolfysicalproblem",
    "fields": {
        "name": "Veranderde urine"
    }
},
{
    "pk": 3,
    "model": "qol.qolfysicalproblem",
    "fields": {
        "name": "Verstopping/obstipatie"
    }
},
{
    "pk": 4,
    "model": "qol.qolfysicalproblem",
    "fields": {
        "name": "Diarree"
    }
},
{
    "pk": 5,
    "model": "qol.qolfysicalproblem",
    "fields": {
        "name": "Eten"
    }
},
{
    "pk": 6,
    "model": "qol.qolfysicalproblem",
    "fields": {
        "name": "Opgezwollen gevoel"
    }
},
{
    "pk": 7,
    "model": "qol.qolfysicalproblem",
    "fields": {
        "name": "Koorts"
    }
},
{
    "pk": 8,
    "model": "qol.qolfysicalproblem",
    "fields": {
        "name": "Mondslijmvlies"
    }
},
{
    "pk": 9,
    "model": "qol.qolfysicalproblem",
    "fields": {
        "name": "Misselijkheid"
    }
},
{
    "pk": 10,
    "model": "qol.qolfysicalproblem",
    "fields": {
        "name": "Droge, verstopte neus"
    }
},
{
    "pk": 11,
    "model": "qol.qolfysicalproblem",
    "fields": {
        "name": "Pijn"
    }
},
{
    "pk": 12,
    "model": "qol.qolfysicalproblem",
    "fields": {
        "name": "Seksualiteit"
    }
},
{
    "pk": 13,
    "model": "qol.qolfysicalproblem",
    "fields": {
        "name": "Droge, jeukerige huid"
    }
},
{
    "pk": 14,
    "model": "qol.qolfysicalproblem",
    "fields": {
        "name": "Slaap"
    }
},
{
    "pk": 15,
    "model": "qol.qolfysicalproblem",
    "fields": {
        "name": "Benauwdheid"
    }
},
{
    "pk": 16,
    "model": "qol.qolfysicalproblem",
    "fields": {
        "name": "Duizeligheid"
    }
},
{
    "pk": 17,
    "model": "qol.qolfysicalproblem",
    "fields": {
        "name": "Praten"
    }
},
{
    "pk": 18,
    "model": "qol.qolfysicalproblem",
    "fields": {
        "name": "Smaakvermogen"
    }
},
{
    "pk": 19,
    "model": "qol.qolfysicalproblem",
    "fields": {
        "name": "Verandering in gewicht"
    }
},
{
    "pk": 20,
    "model": "qol.qolfysicalproblem",
    "fields": {
        "name": "Tinteling in handen/voeten"
    }
},
{
    "pk": 21,
    "model": "qol.qolfysicalproblem",
    "fields": {
        "name": "Wassen/aankleden"
    }
},
{
    "pk": 22,
    "model": "qol.qolfysicalproblem",
    "fields": {
        "name": "Dagelijkse bezigheden"
    }
},
{
    "pk": 23,
    "model": "qol.qolfysicalproblem",
    "fields": {
        "name": "Moeheid"
    }
},
{
    "pk": 24,
    "model": "qol.qolfysicalproblem",
    "fields": {
        "name": "Conditie"
    }
},
{
    "pk": 25,
    "model": "qol.qolfysicalproblem",
    "fields": {
        "name": "Spierkracht"
    }
},
{
    "pk": 38,
    "model": "qol.qolchroncuquestionnaire",
    "fields": {
        "request_step": 958,
        "hasproblems": "no",
        "need_contact": null,
        "other_problems": null,
        "emotional_problems": [],
        "spiritual_problems": [],
        "practical_problems": [],
        "social_problems": []
    }
},
{
    "pk": 1,
    "model": "ibd.ibdnauseavomittime",
    "fields": {
        "name": "Meestal na de maaltijd"
    }
},
{
    "pk": 2,
    "model": "ibd.ibdnauseavomittime",
    "fields": {
        "name": "Meestal na inname van medicijnen"
    }
},
{
    "pk": 3,
    "model": "ibd.ibdnauseavomittime",
    "fields": {
        "name": "Op andere tijdstippen"
    }
},
{
    "pk": 24,
    "model": "ibd.ibdquestionnaire",
    "fields": {
        "patient_weight": "85.000",
        "fever_specify": "Twee keer 38",
        "skin_disorder": "yes",
        "stomach_ache": "yes_sometimes_severe",
        "stool_liquid_freq": null,
        "anal_problems": "no",
        "fistel_location": "",
        "stool_freq": "4_6_times",
        "appetite": "moderate",
        "has_fistel": "no",
        "question_remarks": "Nee eigenlijk niet.",
        "stool_continence": "no_never",
        "stool_planning": "yes_sometimes",
        "stool_has_blood": "no",
        "anal_pain": "no",
        "eye_inflammation": "no",
        "stool_thickness": "normal",
        "smoke_freq": null,
        "nausea_vomit_time": [
            1
        ],
        "skin_disorder_complaints": "Last van irritaties",
        "patient_length": "188.00",
        "nausea_vomit": "yes",
        "fever": "yes",
        "pouch_problems": "Niet bijster veel",
        "joint_pain": "no",
        "stool_has_slime": "often_or_daily",
        "eye_inflammation_complaints": "",
        "fatigue": "no",
        "joint_pain_complaints": "",
        "stoma_version": null,
        "does_smoke": "no",
        "stool_urgency": "no",
        "stoma_has_problems": null,
        "diarrhea_at_night": "no",
        "has_pouch_problems": "yes",
        "request_step": 957,
        "has_pouch": "yes",
        "has_stoma": "no",
        "stoma_empty_freq": null,
        "stoma_problems": null
    }
}
]
