[
{
	"pk": 1,
	"model": "ibd.ibdnauseavomittime",
	"fields": {
		"name": "Meestal na de maaltijd"
	}
},
{
	"pk": 2,
	"model": "ibd.ibdnauseavomittime",
	"fields": {
		"name": "Meestal na inname van medicijnen"
	}
},
{
	"pk": 3,
	"model": "ibd.ibdnauseavomittime",
	"fields": {
		"name": "Op andere tijdstippen"
	}
},
{
    "model": "account.encryptionkey",
    "pk": 1,
    "fields": {
        "key": "@7mL4PS+%jE8r44Q@fMaz-4TBUu*cN37m^MwMBB1bY!Sw+8Y+BIzfhIQKb2d^HhN"
    }
},
{
    "model": "account.encryptionkey",
    "pk": 2,
    "fields": {
        "key": "c@H2F#8TYvaZW0pv^KCs%TAd*hfVHBMjKXCkPIOu8ThQt&CzGIvhAomJlbGA6c5v"
    }
},
{
    "model": "account.encryptionkey",
    "pk": 3,
    "fields": {
        "key": "X%Mv3wxETQZOIOr-%.$n6%OviwFEpowAk._VhFeTBLC#OJbh%$pOGe3P1YvB_!f!"
    }
},
{
    "model": "account.encryptionkey",
    "pk": 4,
    "fields": {
        "key": "mDyPp$1V#_rOrhIlzh55jEzIPDriy3TMCrQv9jitMNCQhRV.p#DCJ4Rz0K.aRDp9"
    }
},
{
    "model": "account.encryptionkey",
    "pk": 5,
    "fields": {
        "key": "1tBMzg9$9QpdR6W$g.r.rG8Y0CL+hRq&BrtO50_msAn.R-tIMH6ibGtrFp3P&iCC"
    }
},
{
    "model": "account.encryptionkey",
    "pk": 6,
    "fields": {
        "key": "DQ@wRJ-s%TZ@pX22R!M7jttZqmQ2VAAI@y4CAGDsTE^3Dg164^Ot&g.gjxYr2F4e"
    }
},
{
    "model": "account.encryptionkey",
    "pk": 7,
    "fields": {
        "key": "rsEQl^4wBBt-OX8^PC$9zRQH2YUhLNYD@0s0@#P48DxY-m-ANY2+JSe%4G9Fyar&"
    }
},
{
    "model": "account.encryptionkey",
    "pk": 8,
    "fields": {
        "key": "@dn5%w.bCz7IqTno&OFCqfcENueNjHR7.sws!rtDqHDkDK#aqMwX@&46xY9Naodj"
    }
},
{
    "model": "account.encryptionkey",
    "pk": 9,
    "fields": {
        "key": "w6MVy6FLb#hr*@9V4VVaysTkBPUV.ThgHU&1iPuvcqy@ZCXgQ_a5ERChSuLrjj&K"
    }
},
{
    "model": "account.encryptionkey",
    "pk": 10,
    "fields": {
        "key": "brZNOdDg08a0uIqS4WbWqK8z.sLEEsXFL$oxET9d0JsqgPE_YmW+9lW%FyT&YfxJ"
    }
},
{
    "model": "account.encryptionkey",
    "pk": 11,
    "fields": {
        "key": "FiqfxtJVwEiJUYp*LGt-C!1l9@H6WFqJXtZTXApnp+NLU1z.7ph6%sRuPnMU4O5k"
    }
},
{
    "model": "account.encryptionkey",
    "pk": 12,
    "fields": {
        "key": "iF+UPu-fmfAa&ny3.t$#CRo8gYtJPjt4-xsYBZUa7$4ypT#BVYeHx8&.NmzuMv@_"
    }
},
{
    "model": "account.encryptionkey",
    "pk": 13,
    "fields": {
        "key": "ITiARor!03kT6pBDLp9NR#&dc$_6EWZ$2^iP2lNfJX.6^H7oyFWHyl!%-a%leQ^Q"
    }
},
{
    "model": "account.encryptionkey",
    "pk": 14,
    "fields": {
        "key": "d0B-I9ubsSZgTqG^e#%Ao_ViMoQhaaQrakw4IioXaffs^P9fVJ*^JSe*v3j1KBV&"
    }
},
{
    "model": "account.encryptionkey",
    "pk": 15,
    "fields": {
        "key": "YrlNbQuKep@$d#2+Oli8IU_SX1B+g!FBmnMjor67z-c*h.%Q!CFnT!9Bp03koRtc"
    }
},
{
    "model": "auth.group",
    "pk": 1,
    "fields": {
        "name": "managers",
        "permissions": []
    }
},
{
    "model": "auth.group",
    "pk": 2,
    "fields": {
        "name": "secretariat",
        "permissions": []
    }
},
{
    "model": "auth.group",
    "pk": 3,
    "fields": {
        "name": "healthprofessionals",
        "permissions": []
    }
},
{
    "model": "auth.group",
    "pk": 4,
    "fields": {
        "name": "patients",
        "permissions": []
    }
},
{
    "model": "healthperson.healthperson",
    "pk": 1,
    "fields": {
        "polymorphic_ctype": 20,
        "added_on": "2014-07-07",
        "added_by": null
    }
},
{
    "model": "healthperson.healthperson",
    "pk": 2,
    "fields": {
        "polymorphic_ctype": 17,
        "added_on": "2014-07-07",
        "added_by": null
    }
},
{
    "model": "healthperson.healthperson",
    "pk": 3,
    "fields": {
        "polymorphic_ctype": 17,
        "added_on": "2014-07-07",
        "added_by": null
    }
},
{
    "model": "healthperson.healthperson",
    "pk": 4,
    "fields": {
        "polymorphic_ctype": 18,
        "added_on": "2014-07-07",
        "added_by": null
    }
},
{
    "model": "healthperson.healthperson",
    "pk": 5,
    "fields": {
        "polymorphic_ctype": 18,
        "added_on": "2014-07-07",
        "added_by": null
    }
},
{
    "model": "healthperson.healthperson",
    "pk": 6,
    "fields": {
        "polymorphic_ctype": 18,
        "added_on": "2014-07-07",
        "added_by": null
    }
},
{
    "model": "healthperson.healthperson",
    "pk": 7,
    "fields": {
        "polymorphic_ctype": 18,
        "added_on": "2014-07-07",
        "added_by": null
    }
},
{
    "model": "healthperson.healthperson",
    "pk": 8,
    "fields": {
        "polymorphic_ctype": 18,
        "added_on": "2014-07-07",
        "added_by": null
    }
},
{
    "model": "healthperson.healthperson",
    "pk": 9,
    "fields": {
        "polymorphic_ctype": 18,
        "added_on": "2014-07-07",
        "added_by": null
    }
},
{
    "model": "healthperson.healthperson",
    "pk": 10,
    "fields": {
        "polymorphic_ctype": 18,
        "added_on": "2014-07-07",
        "added_by": null
    }
},
{
    "model": "healthperson.healthperson",
    "pk": 11,
    "fields": {
        "polymorphic_ctype": 18,
        "added_on": "2014-07-07",
        "added_by": null
    }
},
{
    "model": "healthperson.healthperson",
    "pk": 12,
    "fields": {
        "polymorphic_ctype": 18,
        "added_on": "2014-07-07",
        "added_by": null
    }
},
{
    "model": "healthperson.healthperson",
    "pk": 13,
    "fields": {
        "polymorphic_ctype": 18,
        "added_on": "2014-07-07",
        "added_by": null
    }
},
{
    "model": "healthperson.healthperson",
    "pk": 14,
    "fields": {
        "polymorphic_ctype": 19,
        "added_on": "2014-07-07",
        "added_by": null
    }
},
{
    "model": "healthperson.healthperson",
    "pk": 15,
    "fields": {
        "polymorphic_ctype": 19,
        "added_on": "2014-07-07",
        "added_by": null
    }
},
{
    "model": "patient.patient",
    "pk": 4,
    "fields": {
        "rc_registration_number": "qqB7gNKW3J_pDymYegJE#a+QfeD^EkjNmJT6r6sb$ptQ9u4ZOQDOW7%ewPmIQPnB",
        "diagnose": "rheumatoid_arthritis",
        "excluded_questionnaires": null,
        "current_practitioner": 3,
        "regular_control_frequency": "12_months",
        "blood_sample_frequency": "3_months",
        "last_blood_sample": null,
        "always_clinic_visit": "onlyifwanted",
        "regular_control_start_notification": "sms_and_email",
        "regular_control_reminder_notification": "sms_and_email",
        "healthprofessional_handling_notification": "sms_and_email",
        "message_notification": "sms_and_email"
    }
},
{
    "model": "patient.patient",
    "pk": 5,
    "fields": {
        "rc_registration_number": "_PfAn1c!sRa7eh2WCMiMI^YJBkx++xGgW6IIvuY_p0sOeP4zm5kllxa#hj$Et*-V",
        "diagnose": "colitis_ulcerosa",
        "excluded_questionnaires": null,
        "current_practitioner": 3,
        "regular_control_frequency": "3_months",
        "blood_sample_frequency": "12_months",
        "last_blood_sample": null,
        "always_clinic_visit": "onlyifwanted",
        "regular_control_start_notification": "sms_and_email",
        "regular_control_reminder_notification": "sms_and_email",
        "healthprofessional_handling_notification": "sms_and_email",
        "message_notification": "sms_and_email"
    }
},
{
    "model": "patient.patient",
    "pk": 6,
    "fields": {
        "rc_registration_number": "4ska4rFK.Cn2XYmH@15Z#b6OjAkxPfWS*cCri9NBEKDw04nSZAcL*wGUJK!qs&q0",
        "diagnose": "chron",
        "excluded_questionnaires": null,
        "current_practitioner": 3,
        "regular_control_frequency": "6_months",
        "blood_sample_frequency": "12_months",
        "last_blood_sample": null,
        "always_clinic_visit": "onlyifwanted",
        "regular_control_start_notification": "sms_and_email",
        "regular_control_reminder_notification": "sms_and_email",
        "healthprofessional_handling_notification": "sms_and_email",
        "message_notification": "sms_and_email"
    }
},
{
    "model": "patient.patient",
    "pk": 7,
    "fields": {
        "rc_registration_number": "FhXiSKo5&g$sH_VBlT^B7gM-xUu@W2xZppq!^W3dUwPsZymwxUy77#4PswH_iGel",
        "diagnose": "intestinal_transplantation",
        "excluded_questionnaires": null,
        "current_practitioner": 2,
        "regular_control_frequency": "6_months",
        "blood_sample_frequency": "12_months",
        "last_blood_sample": null,
        "always_clinic_visit": "onlyifwanted",
        "regular_control_start_notification": "sms_and_email",
        "regular_control_reminder_notification": "sms_and_email",
        "healthprofessional_handling_notification": "sms_and_email",
        "message_notification": "sms_and_email"
    }
},
{
    "model": "patient.patient",
    "pk": 8,
    "fields": {
        "rc_registration_number": "A@A61iDVab%Hc*9G##Od0!A6Y&s1pTERACP^&6l2ZuviHVOzDDhD3_-Ei08J-gs%",
        "diagnose": "chron",
        "excluded_questionnaires": null,
        "current_practitioner": 3,
        "regular_control_frequency": "3_months",
        "blood_sample_frequency": "sameasregular",
        "last_blood_sample": null,
        "always_clinic_visit": "alwaysclinicvisit",
        "regular_control_start_notification": "sms_and_email",
        "regular_control_reminder_notification": "sms_and_email",
        "healthprofessional_handling_notification": "sms_and_email",
        "message_notification": "sms_and_email"
    }
},
{
    "model": "patient.patient",
    "pk": 9,
    "fields": {
        "rc_registration_number": "wV^rFmJLqwdyz8UvKLJS9ky6gwi0N-kqwU7C%%I5XwPt@qu$UTuOkK1JsieMe3bc",
        "diagnose": "chron",
        "excluded_questionnaires": null,
        "current_practitioner": 2,
        "regular_control_frequency": "other",
        "blood_sample_frequency": "sameasregular",
        "last_blood_sample": null,
        "always_clinic_visit": "onlyifwanted",
        "regular_control_start_notification": "sms_and_email",
        "regular_control_reminder_notification": "sms_and_email",
        "healthprofessional_handling_notification": "sms_and_email",
        "message_notification": "sms_and_email"
    }
},
{
    "model": "patient.patient",
    "pk": 10,
    "fields": {
        "rc_registration_number": "Rgb2o85JZ17T+zKbAUYp.qlmUDeBSja^A2Yj.dbfpO5Ju7%FhZVh8N&.FCDmHFgf",
        "diagnose": "chron",
        "excluded_questionnaires": null,
        "current_practitioner": 3,
        "regular_control_frequency": "never",
        "blood_sample_frequency": "12_months",
        "last_blood_sample": null,
        "always_clinic_visit": "onlyifwanted",
        "regular_control_start_notification": "sms_and_email",
        "regular_control_reminder_notification": "sms_and_email",
        "healthprofessional_handling_notification": "sms_and_email",
        "message_notification": "sms_and_email"
    }
},
{
    "model": "patient.patient",
    "pk": 11,
    "fields": {
        "rc_registration_number": "o@fcRIM*651.PatERNSRkGQkkx8mtv2Go6BI%NVi6^a$xr*7yn06WXgc5X46jrVT",
        "diagnose": "intestinal_transplantation",
        "excluded_questionnaires": null,
        "current_practitioner": 3,
        "regular_control_frequency": "6_months",
        "blood_sample_frequency": "12_months",
        "last_blood_sample": null,
        "always_clinic_visit": "alwaysclinicvisit",
        "regular_control_start_notification": "sms_and_email",
        "regular_control_reminder_notification": "sms_and_email",
        "healthprofessional_handling_notification": "sms_and_email",
        "message_notification": "sms_and_email"
    }
},
{
    "model": "patient.patient",
    "pk": 12,
    "fields": {
        "rc_registration_number": "l*yxMuD8#jJ5V2K1hylGqAoPYf2+&DUTRrpzwX6$miXvlG#b-SkT.9igLaJhkd7q",
        "diagnose": "chron",
        "excluded_questionnaires": null,
        "current_practitioner": 2,
        "regular_control_frequency": "never",
        "blood_sample_frequency": "3_months",
        "last_blood_sample": null,
        "always_clinic_visit": "onlyifwanted",
        "regular_control_start_notification": "sms_and_email",
        "regular_control_reminder_notification": "sms_and_email",
        "healthprofessional_handling_notification": "sms_and_email",
        "message_notification": "sms_and_email"
    }
},
{
    "model": "patient.patient",
    "pk": 13,
    "fields": {
        "rc_registration_number": "AcAFqW&aYFR+aO*^+3dC9qDe5G85Tl+wFPzUKyPrfkX#x8kT$e+^EU3HdUgbXk&+",
        "diagnose": "colitis_ulcerosa",
        "excluded_questionnaires": null,
        "current_practitioner": 3,
        "regular_control_frequency": "12_months",
        "blood_sample_frequency": "3_months",
        "last_blood_sample": null,
        "always_clinic_visit": "onlyifwanted",
        "regular_control_start_notification": "sms_and_email",
        "regular_control_reminder_notification": "sms_and_email",
        "healthprofessional_handling_notification": "sms_and_email",
        "message_notification": "sms_and_email"
    }
},
{
    "model": "secretariat.secretary",
    "pk": 14,
    "fields": {
        "specialism": "internal_medicine"
    }
},
{
    "model": "secretariat.secretary",
    "pk": 15,
    "fields": {
        "specialism": "rheumatology"
    }
},
{
    "model": "healthprofessional.healthprofessional",
    "pk": 2,
    "fields": {
        "photo_location": "",
        "function": "specialist",
        "specialism": "surgery",
        "telephone": "0503049281",
        "urgent_control_notification": "sms_and_email",
        "urgent_control_secretary": null,
        "out_of_office_start": null,
        "out_of_office_end": null,
        "out_of_office_replacement": null
    }
},
{
    "model": "healthprofessional.healthprofessional",
    "pk": 3,
    "fields": {
        "photo_location": "",
        "function": "nurse",
        "specialism": "surgery",
        "telephone": "0503049281",
        "urgent_control_notification": "sms_and_email",
        "urgent_control_secretary": null,
        "out_of_office_start": null,
        "out_of_office_end": null,
        "out_of_office_replacement": null
    }
},
{
    "model": "management.manager",
    "pk": 1,
    "fields": {}
},
{
    "model": "lists.hospital",
    "pk": 1,
    "fields": {
        "abbreviation": "UMCG",
        "full_name": "Universitair Medisch Centrum Groningen",
        "city": "",
        "created": "2013-06-08T13:29:15",
        "modified": "2013-06-08T13:29:15",
        "tags": ""
    }
},
{
    "model": "account.user",
    "pk": 1,
    "fields": {
        "password": "pbkdf2_sha256$36000$ULkKjgGswoWu$BjRotDKcOn4Gi01WLMmImfl+VZCGKTW5Bdkzft0najY=",
        "last_login": "2014-07-07T15:26:31.763",
        "is_superuser": true,
        "personal_encryption_key": 1,
        "hmac_first_name": "SHA256$NjA3N2VhNDNkODAyZmY1MWI1MTZkNTc0NDUzMDE2MjgzMGU3ZGJiZTY4MDdmMjczN2NkZGQ0ZTQ1NDU3NzY2Mw==",
        "first_name": "John",
        "hmac_last_name": "SHA256$YWY4MDNmYWUwYjc1NDU3YjRhODBjZTBmNDZkYzc1N2IwNDk2ODVjNzMwZGZjNjJhMDAwMGYxZTVkMWE0NmM1MA==",
        "last_name": "Walker",
        "hmac_email": "SHA256$ZmIwZDZlMGY1ZmZmYmFkNmJiZjg5N2QzNjcxZTc5MGM3ODc4NjdlYTcwNDE2ZTIzZjRiZTRhMmI4ODEyNmZlYg==",
        "email": "john@example.com",
        "title": null,
        "initials": "J.",
        "prefix": null,
        "mobile_number": "0612345678",
        "gender": "male",
        "hospital": 1,
        "hmac_local_hospital_number": null,
        "local_hospital_number": null,
        "hmac_BSN": "SHA256$NzdiMTkyMDI1OTVkMmQxM2Y1OWVjOWNkNzJiNDMwZmI4ODJkZGQwZGU4OGY5MDYzMzQ3ODU1OTAwOWE2MzM5Yg==",
        "BSN": "1234567890",
        "date_of_birth": "1982-02-05",
        "healthperson": 1,
        "is_staff": true,
        "is_active": true,
        "date_joined": "2014-07-07T15:26:31.763",
        "account_blocked": null,
        "deleted_on": null,
        "groups": [
            1
        ],
        "user_permissions": []
    }
},
{
    "model": "account.user",
    "pk": 2,
    "fields": {
        "password": "pbkdf2_sha256$12000$JzrjqgpQmQQu$AZdtwjlcVgMk5ZqMm4WENEnMzCf5N8dX7xM0rFjrBj0=",
        "last_login": "2014-07-07T15:27:56.564",
        "is_superuser": false,
        "personal_encryption_key": 2,
        "hmac_first_name": "SHA256$MGZmMjUyNzU1N2YwMWI3YTFjMWIwMTQxNTQwNTg4MTYxYzAwOTM5MGExMGY1OTA4Yzk3MWZmZmY3NWZkYzZhNQ==",
        "first_name": "Gerald",
        "hmac_last_name": "SHA256$YTc4ODczNTIwODdlZTk1MjZkM2ZlOWQ2YjQ4YTViZWVmMmI3MjEwZDg2OTBkMDM0MDYwNjI5MTczZGM1ZGQ0ZQ==",
        "last_name": "Smith",
        "hmac_email": "SHA256$NjgzYmE2ZDNiOWIzMzViYjliNmU0YmQwYzIxMzZiY2RiMzYxMWI2MzdhODA3ZmMxOTJjZDlhZTAxYWJjOWYwOQ==",
        "email": "gerald@example.com",
        "title": null,
        "initials": "G.",
        "prefix": null,
        "mobile_number": "0612345678",
        "gender": "male",
        "hospital": 1,
        "hmac_local_hospital_number": "SHA256$YjE4MjUwYjZhZjdlNGFkMGEyODg0MjhmMTI2ZDM4MzIyYWY5ZTdlNmVkZmQ1Nzk3YzJjOThkMWZiYTA3ZWFjZg==",
        "local_hospital_number": "1234567890",
        "hmac_BSN": "SHA256$NzdiMTkyMDI1OTVkMmQxM2Y1OWVjOWNkNzJiNDMwZmI4ODJkZGQwZGU4OGY5MDYzMzQ3ODU1OTAwOWE2MzM5Yg==",
        "BSN": "1234567890",
        "date_of_birth": "1984-06-02",
        "healthperson": 2,
        "is_staff": false,
        "is_active": true,
        "date_joined": "2014-07-07T15:27:56.564",
        "account_blocked": null,
        "deleted_on": null,
        "groups": [
            3
        ],
        "user_permissions": []
    }
},
{
    "model": "account.user",
    "pk": 3,
    "fields": {
        "password": "pbkdf2_sha256$12000$J24TgFlXmRve$tf29Zuugjc11hjQEuMNuOKq4vDMer7exy45WkVUd8l4=",
        "last_login": "2014-07-07T15:27:56.679",
        "is_superuser": false,
        "personal_encryption_key": 3,
        "hmac_first_name": "SHA256$MmViNTZjZjEyNDQxNjlkODg3OTEwMTViZTY3NTdlMmU5MTIyYmI2NWQ1YzM5NzM0OTFkODU0N2Y0YmUzOTIxNQ==",
        "first_name": "Henry",
        "hmac_last_name": "SHA256$YjI2OTFiNmVlN2FmMmYxOGYwNTcwZTFmZmEwZTJjZGEzMzU2ZDExZDhiN2UyZDU0MzA5YjI3ZDQ4ZGQ4MGYwZg==",
        "last_name": "Jones",
        "hmac_email": "SHA256$OTlhYTVkNmRiNjJlYjA5ZTlmZWVmZDZmMmRkZDdjZThmZmNjNmE5ZjU2YTdjMjQzMzNiZDFmYjEyOTBhYzVjMA==",
        "email": "henry@example.com",
        "title": null,
        "initials": "H.",
        "prefix": null,
        "mobile_number": "0612345678",
        "gender": "male",
        "hospital": 1,
        "hmac_local_hospital_number": "SHA256$YjE4MjUwYjZhZjdlNGFkMGEyODg0MjhmMTI2ZDM4MzIyYWY5ZTdlNmVkZmQ1Nzk3YzJjOThkMWZiYTA3ZWFjZg==",
        "local_hospital_number": "1234567890",
        "hmac_BSN": "SHA256$NzdiMTkyMDI1OTVkMmQxM2Y1OWVjOWNkNzJiNDMwZmI4ODJkZGQwZGU4OGY5MDYzMzQ3ODU1OTAwOWE2MzM5Yg==",
        "BSN": "1234567890",
        "date_of_birth": "1991-08-31",
        "healthperson": 3,
        "is_staff": false,
        "is_active": true,
        "date_joined": "2014-07-07T15:27:56.679",
        "account_blocked": null,
        "deleted_on": null,
        "groups": [
            3
        ],
        "user_permissions": []
    }
},
{
    "model": "account.user",
    "pk": 4,
    "fields": {
        "password": "pbkdf2_sha256$12000$H16Z3kwLFxsk$ZULs2kGaRQJshrYG3cGekxa/bWM7g8vWESMP6+lq38Y=",
        "last_login": "2014-07-07T15:27:56.786",
        "is_superuser": false,
        "personal_encryption_key": 4,
        "hmac_first_name": "SHA256$NGE4YTFhMWEwMzQzNDZmMTNkYmU1MjY2Y2JhNGM0ODRjYTZmZWYxYWMwZGE0NDI5MGM2ZTBlYjc5OTQ0ZTc1MA==",
        "first_name": "Frank",
        "hmac_last_name": "SHA256$YmZlYzFlMGJhNmY2YzE5NDdkNTM1NTMyMzZiZmQxZGFhNjJkZGFhNDJjMmQ1OGJmOGU5NDRiYmQyMTZlN2FjMQ==",
        "last_name": "Davis",
        "hmac_email": "SHA256$ODkyOWQ5YWYxZmRjMzE3OWI4ODQzNTE0NjM4NDhhOGFiYmZkNmZmNjgwNTA1OTdlMWZkMTJjOWEyZWFlM2EzYw==",
        "email": "frank@example.com",
        "title": null,
        "initials": "F.",
        "prefix": null,
        "mobile_number": "0612345678",
        "gender": "male",
        "hospital": 1,
        "hmac_local_hospital_number": "SHA256$YjE4MjUwYjZhZjdlNGFkMGEyODg0MjhmMTI2ZDM4MzIyYWY5ZTdlNmVkZmQ1Nzk3YzJjOThkMWZiYTA3ZWFjZg==",
        "local_hospital_number": "1234567890",
        "hmac_BSN": "SHA256$NzdiMTkyMDI1OTVkMmQxM2Y1OWVjOWNkNzJiNDMwZmI4ODJkZGQwZGU4OGY5MDYzMzQ3ODU1OTAwOWE2MzM5Yg==",
        "BSN": "1234567890",
        "date_of_birth": "1997-01-02",
        "healthperson": 4,
        "is_staff": false,
        "is_active": true,
        "date_joined": "2014-07-07T15:27:56.786",
        "account_blocked": null,
        "deleted_on": null,
        "groups": [
            4
        ],
        "user_permissions": []
    }
},
{
    "model": "account.user",
    "pk": 5,
    "fields": {
        "password": "pbkdf2_sha256$12000$ckknxERiCquG$vrJFS7tlySI4nn1z6iKLx7KAbo5n7NyzY+27+/6y8JM=",
        "last_login": "2014-07-07T15:27:56.909",
        "is_superuser": false,
        "personal_encryption_key": 5,
        "hmac_first_name": "SHA256$NTkxOWRiNmQ0ZWFlOGIyY2E0OTE3NTJlYmIyNTk1ZWVjZjkxMzkzOGUyYWUwNDk3MzE1NDM2MTU5NWE4ZDYyNQ==",
        "first_name": "Jeffrey",
        "hmac_last_name": "SHA256$MTg1NWY5MGZjNzZhZDhmMTRjMDg3ZDFiZDhjNTcxY2ZlZWUwNTA3MTYyNDFmOGU5NGNlMTRkZDlmYmVmYjcwZA==",
        "last_name": "Moore",
        "hmac_email": "SHA256$MGJlYTRmYWM3Y2EyODcyODgyNDNiNTMzNTBhMmRmZjA4NzIyYWQwZTdmYTk4ZjczOTYyZTgwY2VjNDAxMTM4Mw==",
        "email": "jeffrey@example.com",
        "title": null,
        "initials": "J.",
        "prefix": null,
        "mobile_number": "0612345678",
        "gender": "male",
        "hospital": 1,
        "hmac_local_hospital_number": "SHA256$YjE4MjUwYjZhZjdlNGFkMGEyODg0MjhmMTI2ZDM4MzIyYWY5ZTdlNmVkZmQ1Nzk3YzJjOThkMWZiYTA3ZWFjZg==",
        "local_hospital_number": "1234567890",
        "hmac_BSN": "SHA256$NzdiMTkyMDI1OTVkMmQxM2Y1OWVjOWNkNzJiNDMwZmI4ODJkZGQwZGU4OGY5MDYzMzQ3ODU1OTAwOWE2MzM5Yg==",
        "BSN": "1234567890",
        "date_of_birth": "1988-02-03",
        "healthperson": 5,
        "is_staff": false,
        "is_active": true,
        "date_joined": "2014-07-07T15:27:56.909",
        "account_blocked": null,
        "deleted_on": null,
        "groups": [
            4
        ],
        "user_permissions": []
    }
},
{
    "model": "account.user",
    "pk": 6,
    "fields": {
        "password": "pbkdf2_sha256$12000$35vr0uQkb2FW$qp2J5fVgnQQbXR0jJIwMQFDA42+pwn+FB9uu3NzvTr0=",
        "last_login": "2014-07-07T15:27:57.026",
        "is_superuser": false,
        "personal_encryption_key": 6,
        "hmac_first_name": "SHA256$YjBhMTcwNWI4ZmUzMTJkMGZlYzMzNzE0YzkyYTZiMmJhMmJlMTRiYzA4ZTJhNjFjMzkyNDAxODZkZGM1MmU3Yw==",
        "first_name": "Dominique",
        "hmac_last_name": "SHA256$MjcxYzM3ZGUxMmNlOTY0ZmQ4NmE0ZGUwZmEyMDcxYzA4NmQxODM2OGI3MjlmNzcxYjBjYWQ5YmEzOTA0YjBkYw==",
        "last_name": "Jeffreysen",
        "hmac_email": "SHA256$OTQ0MmU0NTRmMzRhYjQwYjlhZTEzMzAyZDBkMWUyYzdkNzZmMjk4ZDI3ZDFlN2MzY2U5ZDA0NmE4ZmQzZDRiNA==",
        "email": "dominique@example.com",
        "title": null,
        "initials": "D.",
        "prefix": null,
        "mobile_number": "0612345678",
        "gender": "male",
        "hospital": 1,
        "hmac_local_hospital_number": "SHA256$YjE4MjUwYjZhZjdlNGFkMGEyODg0MjhmMTI2ZDM4MzIyYWY5ZTdlNmVkZmQ1Nzk3YzJjOThkMWZiYTA3ZWFjZg==",
        "local_hospital_number": "1234567890",
        "hmac_BSN": "SHA256$NzdiMTkyMDI1OTVkMmQxM2Y1OWVjOWNkNzJiNDMwZmI4ODJkZGQwZGU4OGY5MDYzMzQ3ODU1OTAwOWE2MzM5Yg==",
        "BSN": "1234567890",
        "date_of_birth": "1982-11-18",
        "healthperson": 6,
        "is_staff": false,
        "is_active": true,
        "date_joined": "2014-07-07T15:27:57.026",
        "account_blocked": null,
        "deleted_on": null,
        "groups": [
            4
        ],
        "user_permissions": []
    }
},
{
    "model": "account.user",
    "pk": 7,
    "fields": {
        "password": "pbkdf2_sha256$12000$oPqPAjbZVXF3$SKTVEelLB/lOa+zDgwKFwaNWqstNOPynHmU24Pe7c44=",
        "last_login": "2014-07-07T15:27:57.141",
        "is_superuser": false,
        "personal_encryption_key": 7,
        "hmac_first_name": "SHA256$ODA4ZDJjNDU2NGYxMjE3Y2EwMTM4Mzk4MDVhYmNmZmVmMmY3ZDA1NjQzMzBjNzRjOGQyNjE2MjdiMDUyYjE5Mg==",
        "first_name": "Patrick",
        "hmac_last_name": "SHA256$Yjk2ZWI5NzI1MTBhYTRlN2RkZjA3N2Y2NjUzZmFjYzBmZmE1MjIwYTdhMmJhMGFmZjI5ODg2YjkxN2Q0YTY1ZQ==",
        "last_name": "Henrys",
        "hmac_email": "SHA256$ZmZjMTg4Mjc2YmYzZDkwMmY1NzRkZDdkZjJlNDE2N2QxNzk4NmM3M2QzN2Y0MTBmM2NlZmQ4MDRlNTk1OTQ3Yg==",
        "email": "patrick@example.com",
        "title": null,
        "initials": "P.",
        "prefix": null,
        "mobile_number": "0612345678",
        "gender": "male",
        "hospital": 1,
        "hmac_local_hospital_number": "SHA256$YjE4MjUwYjZhZjdlNGFkMGEyODg0MjhmMTI2ZDM4MzIyYWY5ZTdlNmVkZmQ1Nzk3YzJjOThkMWZiYTA3ZWFjZg==",
        "local_hospital_number": "1234567890",
        "hmac_BSN": "SHA256$NzdiMTkyMDI1OTVkMmQxM2Y1OWVjOWNkNzJiNDMwZmI4ODJkZGQwZGU4OGY5MDYzMzQ3ODU1OTAwOWE2MzM5Yg==",
        "BSN": "1234567890",
        "date_of_birth": "1985-05-07",
        "healthperson": 7,
        "is_staff": false,
        "is_active": true,
        "date_joined": "2014-07-07T15:27:57.141",
        "account_blocked": null,
        "deleted_on": null,
        "groups": [
            4
        ],
        "user_permissions": []
    }
},
{
    "model": "account.user",
    "pk": 8,
    "fields": {
        "password": "pbkdf2_sha256$12000$7OEdLiRWUpgk$5sp4xbl27YmTasMNVe2sA1tKT4AfGpNc68rKIDAFiBo=",
        "last_login": "2014-07-07T15:27:57.261",
        "is_superuser": false,
        "personal_encryption_key": 8,
        "hmac_first_name": "SHA256$NWQxZGUyMWRhOWFkZmE1MzhjOTY4NGVhZjExZjMwNTczOWZkMzk4N2M2ODgzZjI5OWEwMjQzNWFkMjUzZmJiNQ==",
        "first_name": "Maria",
        "hmac_last_name": "SHA256$ODcyODYxMTYwNTUwNDgzNTkzYWRhNDE5OTUyZDAxZjM0YjNlZmVmMjU1ODFhZTE3ZGRkYTFiY2M2ZWNkMWJlYQ==",
        "last_name": "Cook",
        "hmac_email": "SHA256$M2JiODllYjQ4YTNmYjVlYmQzM2I2YWUyMjgwNzc0NjZlYjBkZmU2ZmY2YjhhMjgzNjNjMzExZWY0ZWVmNDc1Yg==",
        "email": "maria@example.com",
        "title": null,
        "initials": "M.",
        "prefix": null,
        "mobile_number": "0612345678",
        "gender": "male",
        "hospital": 1,
        "hmac_local_hospital_number": "SHA256$YjE4MjUwYjZhZjdlNGFkMGEyODg0MjhmMTI2ZDM4MzIyYWY5ZTdlNmVkZmQ1Nzk3YzJjOThkMWZiYTA3ZWFjZg==",
        "local_hospital_number": "1234567890",
        "hmac_BSN": "SHA256$NzdiMTkyMDI1OTVkMmQxM2Y1OWVjOWNkNzJiNDMwZmI4ODJkZGQwZGU4OGY5MDYzMzQ3ODU1OTAwOWE2MzM5Yg==",
        "BSN": "1234567890",
        "date_of_birth": "1994-07-09",
        "healthperson": 8,
        "is_staff": false,
        "is_active": true,
        "date_joined": "2014-07-07T15:27:57.262",
        "account_blocked": null,
        "deleted_on": null,
        "groups": [
            4
        ],
        "user_permissions": []
    }
},
{
    "model": "account.user",
    "pk": 9,
    "fields": {
        "password": "pbkdf2_sha256$12000$tuzl5sTCwhiA$14bg9mOTB7wFSRcgq9jGLnyjCFg5JjYfx6wA5hnCgII=",
        "last_login": "2014-07-07T15:27:57.389",
        "is_superuser": false,
        "personal_encryption_key": 9,
        "hmac_first_name": "SHA256$MmViNTZjZjEyNDQxNjlkODg3OTEwMTViZTY3NTdlMmU5MTIyYmI2NWQ1YzM5NzM0OTFkODU0N2Y0YmUzOTIxNQ==",
        "first_name": "Henry",
        "hmac_last_name": "SHA256$NDU4YzUwYWE1ODQ4NTFhM2JmZjcyYjY5OTVmNGQzMjQ5NmRhNDhhZjMyNmFlMzcyNWJiZmZjZWU3MTg1ZTMyYw==",
        "last_name": "Lewis",
        "hmac_email": "SHA256$MzVlZDZmYmNkM2M4MTM1YTdjMzQ5M2Q1MDJmMDA2MGI0ZWQwZjkzYzZjMjU2NDhjZjk4NGRmZDRmNGJkYmVmOA==",
        "email": "harry@example.com",
        "title": null,
        "initials": "H.",
        "prefix": null,
        "mobile_number": "0612345678",
        "gender": "male",
        "hospital": 1,
        "hmac_local_hospital_number": "SHA256$YjE4MjUwYjZhZjdlNGFkMGEyODg0MjhmMTI2ZDM4MzIyYWY5ZTdlNmVkZmQ1Nzk3YzJjOThkMWZiYTA3ZWFjZg==",
        "local_hospital_number": "1234567890",
        "hmac_BSN": "SHA256$NzdiMTkyMDI1OTVkMmQxM2Y1OWVjOWNkNzJiNDMwZmI4ODJkZGQwZGU4OGY5MDYzMzQ3ODU1OTAwOWE2MzM5Yg==",
        "BSN": "1234567890",
        "date_of_birth": "1994-01-16",
        "healthperson": 9,
        "is_staff": false,
        "is_active": true,
        "date_joined": "2014-07-07T15:27:57.389",
        "account_blocked": null,
        "deleted_on": null,
        "groups": [
            4
        ],
        "user_permissions": []
    }
},
{
    "model": "account.user",
    "pk": 10,
    "fields": {
        "password": "pbkdf2_sha256$12000$aylOxG6g1bpQ$0MDogvcfw5rg5umd8JlPZi8FQ8GKq+kolC2S85AxapM=",
        "last_login": "2014-07-07T15:27:57.511",
        "is_superuser": false,
        "personal_encryption_key": 10,
        "hmac_first_name": "SHA256$Nzk0ZTJkOWEzOTFkMDNkOGFlYWYzYzg0OTViN2M3MDY1Y2M1ZGEwOWI0NDU1ZjQxMTk4NDA4YzMwN2UyMTViNQ==",
        "first_name": "Bill",
        "hmac_last_name": "SHA256$YTNkNjJkZmU1N2U5OTQ0ZDNkZjU1MjY0ZTM4YzhmMGM1OWE2MzE0MGU0ZWFiNTM4NzIyYzQ3ZTg2MmI0NTVmMw==",
        "last_name": "Murphy",
        "hmac_email": "SHA256$NWVmZDg0MTJjMTkwODZjNmEzODlmM2Q4NjNjZmVmODk2NTkzOGM1MjY5NjQ0ZjQ4NTk2NmU3MjcxMzlmMjJjMA==",
        "email": "bill@example.com",
        "title": null,
        "initials": "B.",
        "prefix": null,
        "mobile_number": "0612345678",
        "gender": "male",
        "hospital": 1,
        "hmac_local_hospital_number": "SHA256$YjE4MjUwYjZhZjdlNGFkMGEyODg0MjhmMTI2ZDM4MzIyYWY5ZTdlNmVkZmQ1Nzk3YzJjOThkMWZiYTA3ZWFjZg==",
        "local_hospital_number": "1234567890",
        "hmac_BSN": "SHA256$NzdiMTkyMDI1OTVkMmQxM2Y1OWVjOWNkNzJiNDMwZmI4ODJkZGQwZGU4OGY5MDYzMzQ3ODU1OTAwOWE2MzM5Yg==",
        "BSN": "1234567890",
        "date_of_birth": "1987-08-26",
        "healthperson": 10,
        "is_staff": false,
        "is_active": true,
        "date_joined": "2014-07-07T15:27:57.512",
        "account_blocked": null,
        "deleted_on": null,
        "groups": [
            4
        ],
        "user_permissions": []
    }
},
{
    "model": "account.user",
    "pk": 11,
    "fields": {
        "password": "pbkdf2_sha256$12000$AEPBzdduoFzf$3fZh+H3JGOadz8MEcVdwvA/GamsHxjXOpsdN2n5n8Ws=",
        "last_login": "2014-07-07T15:27:57.638",
        "is_superuser": false,
        "personal_encryption_key": 11,
        "hmac_first_name": "SHA256$Mzg4N2MzNWI3OTg0NzRkYTliYTNmNzAyZDU0MmU1YzdkMGFmMDRmYTUwYWEwYTU5NjA5Mjk1ZDUwMDI2Mzc3YQ==",
        "first_name": "Hobart",
        "hmac_last_name": "SHA256$Yjg0Mjg3MWZjM2Q0OTNlZGYwM2E4NjU1ZTkzYmVkNmU2ZTBjYWJjYmU5Y2VlNzBlNGQ3YmUxODkyMTExMWMyYg==",
        "last_name": "Stevens",
        "hmac_email": "SHA256$NDZmNTk2OTYzYTQyOWU2NjM0MDM0YzIwYWYyMmFlYTNmZDQ2ZmExNmZmMjNiOWU1M2U3YTdmMmNiOWU1NThkMA==",
        "email": "hobart@example.com",
        "title": null,
        "initials": "H.",
        "prefix": null,
        "mobile_number": "0612345678",
        "gender": "male",
        "hospital": 1,
        "hmac_local_hospital_number": "SHA256$YjE4MjUwYjZhZjdlNGFkMGEyODg0MjhmMTI2ZDM4MzIyYWY5ZTdlNmVkZmQ1Nzk3YzJjOThkMWZiYTA3ZWFjZg==",
        "local_hospital_number": "1234567890",
        "hmac_BSN": "SHA256$NzdiMTkyMDI1OTVkMmQxM2Y1OWVjOWNkNzJiNDMwZmI4ODJkZGQwZGU4OGY5MDYzMzQ3ODU1OTAwOWE2MzM5Yg==",
        "BSN": "1234567890",
        "date_of_birth": "1990-06-18",
        "healthperson": 11,
        "is_staff": false,
        "is_active": true,
        "date_joined": "2014-07-07T15:27:57.638",
        "account_blocked": null,
        "deleted_on": null,
        "groups": [
            4
        ],
        "user_permissions": []
    }
},
{
    "model": "account.user",
    "pk": 12,
    "fields": {
        "password": "pbkdf2_sha256$12000$2GRpZDuiTG6r$DhAa5JXxv/wZ27P1CZOTxitpKbAMaVLIUWne/Iwkaug=",
        "last_login": "2014-07-07T15:27:57.757",
        "is_superuser": false,
        "personal_encryption_key": 12,
        "hmac_first_name": "SHA256$NTFkNTYzY2JlNTYyMTc2YTJmZmQ0MDFlZmFjM2UyMmZmNzdlYjE2NmFhYTNmNDIxNWVhYjBiNjg1NGY2NDc5Yg==",
        "first_name": "Cindy",
        "hmac_last_name": "SHA256$YzRkZGI5MTQxMTY1ZGQ2OWNlMThmM2FjMzQ5NmZhNDJkZmMwZTI4ODkyYzA0YzYxZGI5ZjgzMTcyZDhkMjAyMA==",
        "last_name": "Stone",
        "hmac_email": "SHA256$ODVlODZkZmYxNDA0OTMyMTQ3MTc4YzNkNTJmNjViYmE3ZTYzMTI4MGY4NWY4N2Q2YWRlZTJiMzQwMDkwODc2Yg==",
        "email": "cindy@example.com",
        "title": null,
        "initials": "C.",
        "prefix": null,
        "mobile_number": "0612345678",
        "gender": "male",
        "hospital": 1,
        "hmac_local_hospital_number": "SHA256$YjE4MjUwYjZhZjdlNGFkMGEyODg0MjhmMTI2ZDM4MzIyYWY5ZTdlNmVkZmQ1Nzk3YzJjOThkMWZiYTA3ZWFjZg==",
        "local_hospital_number": "1234567890",
        "hmac_BSN": "SHA256$NzdiMTkyMDI1OTVkMmQxM2Y1OWVjOWNkNzJiNDMwZmI4ODJkZGQwZGU4OGY5MDYzMzQ3ODU1OTAwOWE2MzM5Yg==",
        "BSN": "1234567890",
        "date_of_birth": "1998-10-04",
        "healthperson": 12,
        "is_staff": false,
        "is_active": true,
        "date_joined": "2014-07-07T15:27:57.757",
        "account_blocked": null,
        "deleted_on": null,
        "groups": [
            4
        ],
        "user_permissions": []
    }
},
{
    "model": "account.user",
    "pk": 13,
    "fields": {
        "password": "pbkdf2_sha256$12000$i0u7OfdsdtCL$SHUvfTGh8ZB3h7/BjR7I+2eYYssPQXicr+fSwW0pkTg=",
        "last_login": "2014-07-07T15:27:57.873",
        "is_superuser": false,
        "personal_encryption_key": 13,
        "hmac_first_name": "SHA256$ZTJlZTNiM2E0Yzk1MzNlODg1Y2FkZjliYmU5MGM2YjliNmVmY2Y1NzA4MWFjYmQ1NmM2NGU0MzczNTE0NDU4Yw==",
        "first_name": "Trudy",
        "hmac_last_name": "SHA256$MzhiMzczMjhlNmI4OTljZGI0YWM1NzU4ZjdlNmViMTIyYjMyZmVlOTRlYmU3YTBlZTM5NTFkYTkwNzU3NTg3ZQ==",
        "last_name": "Hunter",
        "hmac_email": "SHA256$NDA0ZTg4MzI0MTE5ZmI1MjAyMzAxYjdlN2RlYjA5YTlhMGRkNGYzYTcxODhiZmMxNzZiNzQ0ZTg1YjEwM2FmMQ==",
        "email": "trudy@example.com",
        "title": null,
        "initials": "T.",
        "prefix": null,
        "mobile_number": "0612345678",
        "gender": "male",
        "hospital": 1,
        "hmac_local_hospital_number": "SHA256$YjE4MjUwYjZhZjdlNGFkMGEyODg0MjhmMTI2ZDM4MzIyYWY5ZTdlNmVkZmQ1Nzk3YzJjOThkMWZiYTA3ZWFjZg==",
        "local_hospital_number": "1234567890",
        "hmac_BSN": "SHA256$NzdiMTkyMDI1OTVkMmQxM2Y1OWVjOWNkNzJiNDMwZmI4ODJkZGQwZGU4OGY5MDYzMzQ3ODU1OTAwOWE2MzM5Yg==",
        "BSN": "1234567890",
        "date_of_birth": "1990-05-09",
        "healthperson": 13,
        "is_staff": false,
        "is_active": true,
        "date_joined": "2014-07-07T15:27:57.873",
        "account_blocked": null,
        "deleted_on": null,
        "groups": [
            4
        ],
        "user_permissions": []
    }
},
{
    "model": "account.user",
    "pk": 14,
    "fields": {
        "password": "pbkdf2_sha256$12000$hjw108NAsSgo$Dk2R0zrN/NM8pderEEeIu0I6CJ0KmHkag6mCAKb5CNU=",
        "last_login": "2014-07-07T15:27:57.994",
        "is_superuser": false,
        "personal_encryption_key": 14,
        "hmac_first_name": "SHA256$ODc0NjU3YzUyZWYwYTA0MzA2OWRmMGRkMThiNmJiNGFjMTE0MjNiMjRmZWIzMzE5NWJjYmExNGJjZDRmM2ZiYQ==",
        "first_name": "Monica",
        "hmac_last_name": "SHA256$YjBjMWIxNjhmZjczNzUyYjZiMGE0Nzk2YmE4OTE2ZDU2ZWNmYjMzZmU0OTcyZDUxNGQxZjMwMjg3NGQ4N2IzYw==",
        "last_name": "Spencer",
        "hmac_email": "SHA256$MGQ5NzA0Nzc2MDAyMWZhZWM1OWM2MDQ2OTgzMjFkNjRiN2FlZTk5OTYxZGMyNGU5YjBhYjZhYTJlM2U0OTJmZQ==",
        "email": "monica@example.com",
        "title": null,
        "initials": "M.",
        "prefix": null,
        "mobile_number": "0612345678",
        "gender": "male",
        "hospital": 1,
        "hmac_local_hospital_number": "SHA256$YjE4MjUwYjZhZjdlNGFkMGEyODg0MjhmMTI2ZDM4MzIyYWY5ZTdlNmVkZmQ1Nzk3YzJjOThkMWZiYTA3ZWFjZg==",
        "local_hospital_number": "1234567890",
        "hmac_BSN": "SHA256$NzdiMTkyMDI1OTVkMmQxM2Y1OWVjOWNkNzJiNDMwZmI4ODJkZGQwZGU4OGY5MDYzMzQ3ODU1OTAwOWE2MzM5Yg==",
        "BSN": "1234567890",
        "date_of_birth": "1987-12-23",
        "healthperson": 14,
        "is_staff": false,
        "is_active": true,
        "date_joined": "2014-07-07T15:27:57.994",
        "account_blocked": null,
        "deleted_on": null,
        "groups": [
            2
        ],
        "user_permissions": []
    }
},
{
    "model": "account.user",
    "pk": 15,
    "fields": {
        "password": "pbkdf2_sha256$12000$Vla1drS3WL64$pARhhxeEqNO3eGos4/vsA+N1qKk83qvAZInWI3FWJio=",
        "last_login": "2014-07-07T15:27:58.105",
        "is_superuser": false,
        "personal_encryption_key": 15,
        "hmac_first_name": "SHA256$OTExMjA4OGVjOTJiMzAzMDc5ZDUzMzU2OWY4MGU1MTM4NDFkMDM2NjYzZGI3NzQxYTdlMjlhOGYyZGU1NmEwNg==",
        "first_name": "Jim",
        "hmac_last_name": "SHA256$MjYwZjE1YTg1OGU4NmU5ZGI3NDk1ZjE3NDUxOWUzNzRlY2RlMGJjNjhkYWY0MDYxOTNjZTlhODFjMTg3OGI1NQ==",
        "last_name": "Dunn",
        "hmac_email": "SHA256$ZmM1Yzg3YTg5ZGJlZmE5NWVjNTI3YjAwODczNDI0MzdkYTViYWVhOWQ0OGQyZDk3NzY0MDliZDU1YzY0NDlhMQ==",
        "email": "jim@example.com",
        "title": null,
        "initials": "J.",
        "prefix": null,
        "mobile_number": "0612345678",
        "gender": "male",
        "hospital": 1,
        "hmac_local_hospital_number": "SHA256$YjE4MjUwYjZhZjdlNGFkMGEyODg0MjhmMTI2ZDM4MzIyYWY5ZTdlNmVkZmQ1Nzk3YzJjOThkMWZiYTA3ZWFjZg==",
        "local_hospital_number": "1234567890",
        "hmac_BSN": "SHA256$NzdiMTkyMDI1OTVkMmQxM2Y1OWVjOWNkNzJiNDMwZmI4ODJkZGQwZGU4OGY5MDYzMzQ3ODU1OTAwOWE2MzM5Yg==",
        "BSN": "1234567890",
        "date_of_birth": "1988-09-16",
        "healthperson": 15,
        "is_staff": false,
        "is_active": true,
        "date_joined": "2014-07-07T15:27:58.105",
        "account_blocked": null,
        "deleted_on": null,
        "groups": [
            2
        ],
        "user_permissions": []
    }
},
{
    "model": "contenttypes.contenttype",
    "pk": 6,
    "fields": {
        "app_label": "south",
        "model": "migrationhistory"
    }
},
{
    "model": "contenttypes.contenttype",
    "pk": 7,
    "fields": {
        "app_label": "account",
        "model": "encryptionkey"
    }
},
{
    "model": "contenttypes.contenttype",
    "pk": 8,
    "fields": {
        "app_label": "account",
        "model": "user"
    }
},
{
    "model": "contenttypes.contenttype",
    "pk": 9,
    "fields": {
        "app_label": "account",
        "model": "loginattempt"
    }
},
{
    "model": "contenttypes.contenttype",
    "pk": 10,
    "fields": {
        "app_label": "account",
        "model": "loginsmscode"
    }
},
{
    "model": "contenttypes.contenttype",
    "pk": 11,
    "fields": {
        "app_label": "account",
        "model": "oldpassword"
    }
},
{
    "model": "contenttypes.contenttype",
    "pk": 12,
    "fields": {
        "app_label": "account",
        "model": "passwordchangerequest"
    }
},
{
    "model": "contenttypes.contenttype",
    "pk": 13,
    "fields": {
        "app_label": "account",
        "model": "agreedwithrules"
    }
},
{
    "model": "contenttypes.contenttype",
    "pk": 14,
    "fields": {
        "app_label": "rcmessages",
        "model": "rcmessage"
    }
},
{
    "model": "contenttypes.contenttype",
    "pk": 15,
    "fields": {
        "app_label": "lists",
        "model": "hospital"
    }
},
{
    "model": "contenttypes.contenttype",
    "pk": 16,
    "fields": {
        "app_label": "healthperson",
        "model": "healthperson"
    }
},
{
    "model": "contenttypes.contenttype",
    "pk": 17,
    "fields": {
        "app_label": "healthprofessional",
        "model": "healthprofessional"
    }
},
{
    "model": "contenttypes.contenttype",
    "pk": 18,
    "fields": {
        "app_label": "patient",
        "model": "patient"
    }
},
{
    "model": "contenttypes.contenttype",
    "pk": 19,
    "fields": {
        "app_label": "secretariat",
        "model": "secretary"
    }
},
{
    "model": "contenttypes.contenttype",
    "pk": 20,
    "fields": {
        "app_label": "management",
        "model": "manager"
    }
}
]
